<?xml version="1.0" encoding="utf-8"?>
<extension version="1.6" type="plugin" group="system" method="upgrade">
  <name>System - redpeppix.</name>
  <author>redpeppix. GmbH &amp; Co. KG</author>
  <creationDate>2012-01-16</creationDate>
  <copyright>Copyright (C) 2011-2012 redpeppix. GmbH &amp; Co. KG. All rights reserved.</copyright>
  <license>http://www.gnu.org/licenses/gpl-2.0.html GNU/GPL</license>
  <authorEmail>kontakt@redpeppix.com</authorEmail>
  <authorUrl>www.redpeppix.com</authorUrl>
  <version>1.2.5</version>
  <description>PLG_SYSTEM_RPX_DESC</description>
  <files>
    <filename plugin="redpeppix">redpeppix.php</filename>
    <filename>index.html</filename>
  </files>
  <languages>
    <language tag="de-DE">de-DE.plg_system_redpeppix.ini</language>
    <language tag="en-GB">en-GB.plg_system_redpeppix.ini</language>
  </languages>
  <config>
    <fields name="params">
      <fieldset name="basic">
        <field name="rpx_hash" type="text" default="" label="PLG_SYSTEM_RPX_KEY_LABEL" description="PLG_SYSTEM_RPX_KEY_DESC" size="50"/>
      </fieldset>
      <fieldset name="advanced">
        <field name="rpx_limit" type="text" default="" label="PLG_SYSTEM_RPX_LIMIT_LABEL" description="PLG_SYSTEM_RPX_LIMIT_DESC" size="50"/>
        <field name="rpx_use" type="radio" default="true" label="PLG_SYSTEM_RPX_USE_LABEL" description="PLG_SYSTEM_RPX_USE_DESC">
          <option value="true">PLG_SYSTEM_RPX_TRUE</option>
          <option value="false">PLG_SYSTEM_RPX_FALSE</option>
        </field>
      </fieldset>
    </fields>
  </config>
</extension>